id,first_name,last_name,email,gender,ip_address
1,0,Surveyor,acullington0@slideshare.net,Male,6.138.171.228
2,0,Subcontractor,kwoolcocks1@ca.gov,Female,179.252.125.176
3,1,Construction Expeditor,hantonellini2@wsj.com,Male,213.194.29.105
4,0,Surveyor,jmaslin3@de.vu,Male,215.2.35.115
5,0,Construction Manager,dgreenlees4@homestead.com,Male,246.112.241.160
6,0,Construction Expeditor,ttomich5@ibm.com,Male,161.184.210.183
7,1,Electrician,fkington6@mtv.com,Male,209.0.80.1
8,0,Construction Worker,bduddin7@spiegel.de,Female,234.22.54.79
9,1,Project Manager,abroadnicke8@ow.ly,Female,190.87.107.59
10,0,Supervisor,cgemmill9@google.com.hk,Female,67.181.62.237
11,0,Supervisor,mwiggingtona@ebay.com,Female,242.23.138.25
12,0,Construction Worker,bousleyb@goodreads.com,Female,52.35.19.107
13,0,Construction Worker,vcleverleyc@wufoo.com,Female,196.60.156.235
14,0,Supervisor,nambrodid@ft.com,Female,44.45.5.131
15,0,Subcontractor,btattershalle@etsy.com,Male,42.127.190.78
16,1,Electrician,jfaircliffef@dedecms.com,Female,58.28.126.240
17,1,Supervisor,kporteg@opensource.org,Female,249.193.152.17
18,0,Engineer,mlowranceh@google.cn,Male,142.61.158.3
19,0,Construction Expeditor,mrembranti@indiegogo.com,Agender,249.75.85.203
20,1,Estimator,aingryj@oaic.gov.au,Female,35.44.3.38
21,1,Subcontractor,fdawk@si.edu,Male,216.255.253.239
22,1,Engineer,btrathenl@gmpg.org,Male,211.134.228.140
23,1,Subcontractor,ktrevainsm@cbc.ca,Male,101.245.246.44
24,0,Subcontractor,rsueron@posterous.com,Male,155.4.124.125
25,1,Subcontractor,mgrimsdykeo@zdnet.com,Female,187.96.96.63
26,1,Construction Expeditor,bespinazop@addthis.com,Male,251.215.89.97
27,1,Supervisor,ubullentq@nhs.uk,Male,74.75.35.10
28,0,Construction Manager,oshilitonr@cbsnews.com,Female,1.251.156.68
29,1,Construction Foreman,darchleys@shinystat.com,Female,4.136.235.208
30,1,Subcontractor,mmcconnultyt@wordpress.org,Male,180.172.220.209
31,0,Engineer,jwakenshawu@usnews.com,Male,194.252.204.67
32,1,Construction Expeditor,dcoombsv@godaddy.com,Female,210.211.36.49
33,1,Surveyor,nkiddyw@theatlantic.com,Male,246.78.102.194
34,0,Estimator,rwhalesx@zimbio.com,Female,1.253.42.128
35,1,Electrician,hdeliony@qq.com,Female,253.53.69.97
36,1,Architect,mizakz@jiathis.com,Female,208.216.197.101
37,1,Construction Worker,sleeburne10@mozilla.org,Male,167.83.176.163
38,0,Estimator,amcnamara11@bloomberg.com,Male,203.127.63.197
39,1,Construction Expeditor,apetigrew12@artisteer.com,Female,253.23.244.229
40,0,Construction Foreman,dmcquin13@devhub.com,Agender,42.53.15.42
41,1,Electrician,afarady14@noaa.gov,Female,187.216.209.33
42,1,Subcontractor,sarger15@tripadvisor.com,Female,106.174.219.69
43,0,Architect,psellen16@exblog.jp,Male,33.84.51.92
44,1,Construction Foreman,slemarchant17@ucsd.edu,Male,214.86.123.206
45,1,Construction Foreman,gjochens18@hugedomains.com,Female,96.231.145.237
46,1,Estimator,slattey19@prlog.org,Genderqueer,212.245.71.99
47,1,Subcontractor,bcastanaga1a@oakley.com,Male,77.199.137.39
48,0,Electrician,kpottery1b@cisco.com,Female,226.97.163.207
49,1,Construction Foreman,gphilcox1c@wordpress.org,Male,21.184.207.191
50,0,Construction Foreman,jyoull1d@google.co.uk,Male,39.104.99.23
51,0,Supervisor,kstreetfield1e@google.com.au,Female,123.71.219.16
52,0,Construction Manager,jdeluze1f@feedburner.com,Female,91.248.78.87
53,0,Project Manager,ngabites1g@ihg.com,Female,121.74.207.69
54,1,Architect,wskein1h@domainmarket.com,Male,196.175.37.219
55,1,Construction Manager,rwestman1i@de.vu,Male,213.118.124.134
56,0,Construction Worker,tpryor1j@reuters.com,Agender,155.56.146.111
57,1,Surveyor,bcicutto1k@joomla.org,Female,153.153.246.233
58,1,Subcontractor,tbrixham1l@xing.com,Male,213.40.40.216
59,1,Construction Manager,bfattorini1m@issuu.com,Male,13.225.140.118
60,0,Construction Manager,fyellowlees1n@cyberchimps.com,Male,111.186.6.150
61,0,Project Manager,tcolls1o@123-reg.co.uk,Male,99.199.255.90
62,0,Construction Expeditor,dsuermeier1p@alibaba.com,Male,186.204.39.225
63,1,Supervisor,dpetrelli1q@github.com,Female,81.46.178.142
64,0,Construction Foreman,bfulks1r@elegantthemes.com,Male,172.204.255.185
65,0,Construction Manager,kebourne1s@domainmarket.com,Male,222.187.99.181
66,1,Architect,ekuhl1t@blinklist.com,Male,45.74.148.37
67,1,Estimator,thallor1u@google.it,Female,55.124.61.50
68,1,Construction Expeditor,acrawford1v@loc.gov,Female,71.171.142.10
69,1,Architect,bdickins1w@behance.net,Polygender,73.196.186.244
70,1,Construction Manager,kdenyukhin1x@mapquest.com,Female,84.151.156.242
71,0,Construction Expeditor,emunnery1y@addthis.com,Female,143.90.179.25
72,1,Surveyor,ecaldwall1z@samsung.com,Male,72.100.26.203
73,1,Electrician,pheadrick20@instagram.com,Female,254.185.52.243
74,1,Engineer,rmaltby21@instagram.com,Male,70.24.115.189
75,0,Construction Manager,dbrammar22@ucsd.edu,Female,169.194.217.158
76,1,Electrician,fpeacham23@nsw.gov.au,Female,114.121.197.181
77,1,Engineer,kcraik24@ask.com,Female,57.28.197.76
78,1,Surveyor,rverheyden25@va.gov,Bigender,249.191.224.255
79,1,Surveyor,avance26@gov.uk,Female,204.134.217.170
80,0,Surveyor,ctullis27@geocities.com,Male,112.156.183.57
81,1,Construction Foreman,eandrivot28@squarespace.com,Male,68.150.243.78
82,1,Project Manager,claville29@wunderground.com,Female,49.255.46.112
83,1,Estimator,sfoote2a@nsw.gov.au,Male,97.88.175.104
84,0,Subcontractor,fjeanneau2b@huffingtonpost.com,Female,255.155.103.129
85,1,Architect,hwandrich2c@biblegateway.com,Female,63.30.99.221
86,0,Estimator,fpobjoy2d@pagesperso-orange.fr,Polygender,59.50.0.224
87,0,Supervisor,edemattia2e@imageshack.us,Male,154.91.45.194
88,1,Surveyor,rgibbings2f@mozilla.com,Polygender,0.161.171.138
89,0,Subcontractor,dmartini2g@netscape.com,Male,237.182.223.119
90,0,Construction Manager,llayhe2h@theglobeandmail.com,Male,176.78.135.37
91,0,Architect,cprandoni2i@admin.ch,Bigender,34.227.190.206
92,0,Supervisor,sstagge2j@amazonaws.com,Female,142.197.66.148
93,0,Electrician,cbashford2k@cloudflare.com,Female,33.244.253.45
94,0,Subcontractor,pkirvin2l@cam.ac.uk,Female,48.145.175.37
95,1,Construction Foreman,kshadrach2m@alexa.com,Female,206.255.221.108
96,1,Supervisor,jbonas2n@people.com.cn,Male,23.86.179.63
97,1,Construction Worker,tlittlemore2o@geocities.com,Male,15.5.244.65
98,1,Electrician,cskentelbury2p@amazon.co.uk,Female,152.29.63.250
99,0,Construction Foreman,mgosdin2q@imageshack.us,Female,114.73.85.115
100,0,Engineer,ccrallan2r@flavors.me,Female,248.216.9.41
101,0,Project Manager,dguyon2s@mediafire.com,Polygender,108.25.99.231
102,0,Surveyor,gwestell2t@jimdo.com,Male,247.175.221.71
103,0,Supervisor,fmcalpine2u@hhs.gov,Female,45.196.108.185
104,1,Project Manager,asenecaut2v@businessinsider.com,Male,184.26.207.70
105,1,Architect,thawkey2w@addtoany.com,Male,229.31.133.35
106,1,Construction Foreman,rgregorowicz2x@intel.com,Female,110.158.11.235
107,0,Project Manager,abyrch2y@jalbum.net,Female,153.136.182.183
108,0,Project Manager,celphinstone2z@ucoz.ru,Male,142.138.18.63
109,1,Construction Worker,haizikovitz30@utexas.edu,Agender,34.2.185.148
110,1,Construction Worker,cgooder31@meetup.com,Male,115.20.111.52
111,0,Surveyor,dpeplaw32@hhs.gov,Female,184.181.170.246
112,0,Project Manager,kbebbington33@1688.com,Female,139.37.172.143
113,1,Supervisor,rarndell34@imageshack.us,Male,141.124.38.205
114,0,Surveyor,enorthbridge35@youku.com,Female,137.117.126.159
115,1,Supervisor,edodle36@about.me,Female,154.244.178.197
116,0,Project Manager,aclemenzo37@dailymail.co.uk,Female,29.58.121.164
117,0,Architect,gbisseker38@scribd.com,Female,255.198.43.24
118,1,Construction Expeditor,pbaylis39@goodreads.com,Bigender,27.223.164.213
119,0,Construction Manager,ghammand3a@bloglines.com,Male,177.75.149.36
120,0,Electrician,sjaniszewski3b@amazon.co.jp,Female,227.127.179.13
121,1,Subcontractor,fhartnell3c@rediff.com,Male,48.66.72.197
122,0,Subcontractor,sbaignard3d@posterous.com,Male,182.64.209.157
123,0,Estimator,rkinnaird3e@psu.edu,Male,243.176.40.92
124,1,Construction Manager,kbrunelli3f@odnoklassniki.ru,Female,186.235.168.239
125,0,Surveyor,mlawfull3g@360.cn,Female,10.16.173.18
126,1,Construction Expeditor,gglentworth3h@auda.org.au,Non-binary,207.34.116.204
127,1,Estimator,mclohessy3i@toplist.cz,Male,112.75.96.52
128,1,Construction Expeditor,rillyes3j@senate.gov,Female,63.163.82.73
129,0,Architect,dchidler3k@usa.gov,Male,99.99.4.77
130,0,Subcontractor,lvogeler3l@archive.org,Female,245.145.43.168
131,0,Construction Expeditor,bfrowde3m@hhs.gov,Male,139.77.221.241
132,0,Construction Manager,sblachford3n@pen.io,Male,84.252.38.148
133,0,Construction Expeditor,scawdell3o@youtu.be,Male,245.10.223.29
134,0,Supervisor,yclingoe3p@reference.com,Female,134.202.211.90
135,1,Subcontractor,gpeachman3q@cbc.ca,Polygender,58.165.238.106
136,0,Subcontractor,tfinlaison3r@fotki.com,Male,190.82.110.25
137,1,Construction Expeditor,jarton3s@cdc.gov,Male,138.101.20.81
138,0,Estimator,cmaso3t@sohu.com,Female,64.238.196.196
139,0,Construction Foreman,nbirchill3u@feedburner.com,Female,181.238.42.255
140,0,Construction Worker,vlapworth3v@fc2.com,Male,90.197.98.142
141,1,Estimator,lbedwell3w@behance.net,Male,223.142.116.64
142,1,Construction Expeditor,rhanwright3x@buzzfeed.com,Female,130.236.72.231
143,0,Architect,rlowther3y@indiegogo.com,Male,75.199.168.224
144,1,Engineer,akonrad3z@scribd.com,Male,221.19.66.137
145,1,Supervisor,sgreenier40@dropbox.com,Non-binary,122.69.231.92
146,1,Construction Expeditor,mswenson41@i2i.jp,Male,95.133.243.137
147,0,Architect,tmyring42@archive.org,Male,173.142.224.25
148,0,Project Manager,vbartoli43@wp.com,Female,22.13.185.162
149,0,Estimator,dklimecki44@weather.com,Genderfluid,0.178.180.205
150,0,Project Manager,aminney45@thetimes.co.uk,Male,68.238.31.95
151,0,Electrician,bcutler46@loc.gov,Male,153.157.24.71
152,0,Surveyor,culster47@wix.com,Female,84.150.14.73
153,1,Construction Manager,mcaslake48@usa.gov,Female,54.191.38.8
154,0,Supervisor,ebrookwood49@webeden.co.uk,Female,145.206.39.103
155,1,Subcontractor,lrowes4a@smugmug.com,Male,230.113.117.187
156,1,Architect,mstannion4b@time.com,Female,88.56.144.154
157,1,Electrician,dshewen4c@businesswire.com,Female,243.121.252.229
158,1,Construction Foreman,bpoore4d@taobao.com,Male,148.18.83.100
159,1,Architect,aetheredge4e@arizona.edu,Female,178.204.69.103
160,0,Estimator,lpidgeley4f@nature.com,Female,28.230.171.12
161,0,Architect,cgallego4g@sun.com,Bigender,12.175.132.248
162,1,Engineer,sduigan4h@1und1.de,Bigender,158.170.43.174
163,1,Project Manager,ddacks4i@ox.ac.uk,Male,59.1.64.194
164,1,Surveyor,fgossipin4j@ask.com,Male,139.7.133.196
165,0,Construction Worker,bchasmoor4k@intel.com,Female,241.42.232.102
166,1,Project Manager,sfelix4l@linkedin.com,Female,203.73.106.139
167,0,Construction Manager,bodonohue4m@china.com.cn,Non-binary,255.215.138.197
168,1,Construction Worker,hsayburn4n@google.es,Female,162.146.60.29
169,0,Construction Manager,jfairbourne4o@homestead.com,Female,124.237.46.68
170,0,Electrician,adesouza4p@salon.com,Female,227.13.6.158
171,0,Construction Foreman,nstoad4q@state.tx.us,Male,99.231.159.210
172,0,Construction Foreman,rlovett4r@webeden.co.uk,Male,24.30.1.209
173,0,Project Manager,adaunay4s@marriott.com,Male,163.78.191.40
174,1,Construction Worker,adenniston4t@drupal.org,Male,27.92.204.177
175,0,Supervisor,spatey4u@goo.ne.jp,Female,188.13.11.5
176,1,Engineer,rescalera4v@meetup.com,Female,59.10.160.86
177,0,Construction Expeditor,cerb4w@cisco.com,Female,60.65.92.235
178,1,Construction Foreman,cgebb4x@prweb.com,Female,13.8.100.186
179,0,Supervisor,ltarry4y@imgur.com,Female,165.94.62.141
180,0,Surveyor,kmingus4z@youtu.be,Male,167.104.98.191
181,1,Supervisor,rsesser50@yolasite.com,Male,153.213.241.217
182,1,Architect,gitzcak51@purevolume.com,Female,35.220.149.124
183,0,Architect,ehankin52@ca.gov,Male,21.207.70.148
184,1,Architect,cbarwack53@skyrock.com,Female,199.0.95.28
185,0,Construction Worker,jrowcastle54@miitbeian.gov.cn,Male,174.244.198.208
186,0,Construction Expeditor,gmaving55@newyorker.com,Male,187.7.63.179
187,0,Construction Manager,tmaffey56@uiuc.edu,Female,206.179.241.234
188,0,Subcontractor,loshiel57@parallels.com,Male,172.106.49.119
189,1,Subcontractor,anelsey58@godaddy.com,Female,157.108.29.200
190,1,Estimator,bcawsby59@ask.com,Male,33.110.175.204
191,0,Architect,evinton5a@oracle.com,Male,237.78.165.230
192,0,Subcontractor,tabbati5b@over-blog.com,Genderfluid,199.200.96.49
193,0,Architect,lfulk5c@parallels.com,Male,45.247.164.120
194,0,Construction Worker,jhammond5d@flickr.com,Female,121.134.14.178
195,1,Supervisor,nbygate5e@simplemachines.org,Female,250.63.138.166
196,0,Subcontractor,gclemas5f@google.com.br,Female,83.163.7.77
197,1,Electrician,gkorneichik5g@independent.co.uk,Female,156.162.70.56
198,1,Estimator,lmcfadin5h@google.com.au,Male,77.59.178.98
199,0,Subcontractor,edamiata5i@jiathis.com,Male,6.84.227.88
200,1,Estimator,lconers5j@unicef.org,Female,255.206.135.102
201,0,Subcontractor,mread5k@elpais.com,Female,149.40.46.80
202,0,Engineer,epelham5l@people.com.cn,Male,159.199.248.141
203,1,Supervisor,lgorges5m@digg.com,Female,243.223.216.192
204,1,Construction Expeditor,osaunderson5n@illinois.edu,Female,30.16.191.113
205,0,Supervisor,epipping5o@buzzfeed.com,Female,136.91.73.151
206,1,Architect,tnassi5p@sohu.com,Male,105.103.144.105
207,0,Construction Worker,ktoping5q@goodreads.com,Male,58.188.112.135
208,1,Project Manager,grobez5r@zdnet.com,Male,23.93.9.206
209,0,Architect,zgoldes5s@si.edu,Female,7.208.175.168
210,1,Construction Expeditor,ewillatt5t@homestead.com,Female,106.28.30.246
211,1,Supervisor,tionnidis5u@ted.com,Female,229.114.97.55
212,1,Construction Worker,mpeter5v@twitpic.com,Male,212.77.38.166
213,0,Construction Worker,jbarde5w@thetimes.co.uk,Male,216.40.192.191
214,1,Subcontractor,tsitlington5x@state.gov,Male,71.172.190.7
215,1,Construction Worker,trintoul5y@bigcartel.com,Male,60.240.232.48
216,0,Architect,ffishburn5z@biblegateway.com,Male,146.133.116.252
217,0,Construction Worker,dimmins60@yolasite.com,Male,134.27.2.87
218,1,Estimator,tladd61@ow.ly,Female,157.79.83.211
219,1,Construction Worker,churst62@comsenz.com,Male,144.124.4.64
220,1,Construction Worker,rcoulthart63@mayoclinic.com,Male,163.100.187.10
221,0,Subcontractor,pmatteini64@ifeng.com,Female,133.255.143.94
222,0,Construction Worker,jgresswell65@seattletimes.com,Male,212.233.68.217
223,1,Engineer,kladen66@un.org,Male,138.135.36.13
224,0,Estimator,tcurl67@soundcloud.com,Male,18.129.69.250
225,0,Construction Expeditor,amclaggan68@skype.com,Female,216.215.72.159
226,1,Construction Expeditor,smaylam69@earthlink.net,Female,6.21.199.84
227,1,Estimator,nmccahey6a@ucoz.com,Female,150.247.73.177
228,0,Supervisor,ttrim6b@foxnews.com,Female,103.164.142.16
229,0,Construction Foreman,msertin6c@chicagotribune.com,Female,179.95.213.135
230,1,Surveyor,jmellodey6d@narod.ru,Genderqueer,153.79.121.117
231,1,Engineer,lfutcher6e@desdev.cn,Male,41.236.26.157
232,1,Construction Expeditor,mahrend6f@sohu.com,Female,122.45.11.196
233,0,Supervisor,rjosipovic6g@goo.ne.jp,Female,58.186.26.75
234,0,Architect,everdey6h@dropbox.com,Male,238.28.223.15
235,0,Engineer,rlongdon6i@dagondesign.com,Male,180.55.107.161
236,0,Construction Worker,mmannock6j@statcounter.com,Female,220.87.208.95
237,1,Construction Foreman,gvanderson6k@usda.gov,Bigender,40.62.132.114
238,1,Surveyor,ecregeen6l@mlb.com,Male,30.23.82.140
239,0,Construction Worker,bharlow6m@bigcartel.com,Female,94.66.123.194
240,1,Construction Manager,ilestor6n@toplist.cz,Male,43.151.245.187
241,0,Project Manager,myoule6o@ifeng.com,Female,233.216.147.184
242,0,Construction Worker,rbiggins6p@mysql.com,Female,135.133.80.120
243,0,Surveyor,ldahlgren6q@redcross.org,Male,159.110.12.141
244,0,Subcontractor,afranzman6r@webmd.com,Female,23.85.193.251
245,1,Engineer,mwren6s@cornell.edu,Female,112.168.133.235
246,0,Architect,vhansana6t@usda.gov,Female,73.11.178.191
247,0,Architect,mdacres6u@census.gov,Female,36.162.64.15
248,1,Project Manager,rhendricks6v@exblog.jp,Male,39.233.109.149
249,0,Electrician,ebenn6w@netvibes.com,Female,5.39.186.143
250,1,Architect,hlivezey6x@cnet.com,Female,14.56.116.31
251,0,Electrician,bmitchely6y@guardian.co.uk,Male,254.77.146.23
252,1,Estimator,jorrell6z@virginia.edu,Male,150.247.133.206
253,0,Supervisor,rsouthwell70@businesswire.com,Non-binary,96.146.98.0
254,1,Subcontractor,tjeschner71@google.de,Female,229.125.247.65
255,1,Engineer,rmcgowran72@ucoz.com,Male,212.231.86.201
256,1,Construction Manager,gproud73@prweb.com,Non-binary,230.236.118.32
257,1,Construction Foreman,fmantle74@usgs.gov,Female,239.47.142.112
258,1,Engineer,blohmeyer75@blog.com,Female,87.181.157.8
259,0,Architect,lpounds76@cpanel.net,Male,4.153.197.151
260,1,Construction Manager,scoweuppe77@nasa.gov,Female,125.98.2.164
261,1,Construction Expeditor,bbirchett78@pbs.org,Male,83.61.130.216
262,0,Construction Foreman,jzouch79@twitter.com,Male,82.114.171.222
263,0,Construction Expeditor,kgimlet7a@wikia.com,Male,152.21.178.87
264,1,Construction Foreman,dyve7b@timesonline.co.uk,Genderfluid,104.198.100.128
265,1,Construction Manager,rwillgoose7c@163.com,Female,140.238.179.150
266,0,Engineer,dmillhill7d@blogs.com,Female,154.48.101.184
267,1,Electrician,lstorkes7e@sun.com,Male,64.10.71.102
268,1,Surveyor,bhugin7f@parallels.com,Female,61.248.40.85
269,1,Construction Foreman,wfazackerley7g@gravatar.com,Male,184.230.243.203
270,1,Project Manager,kcolvie7h@instagram.com,Male,66.141.200.103
271,1,Surveyor,mlemm7i@freewebs.com,Female,51.71.207.112
272,1,Construction Expeditor,pgaymar7j@google.com,Female,101.157.120.4
273,1,Architect,nvinck7k@altervista.org,Male,66.216.49.235
274,1,Estimator,kainley7l@istockphoto.com,Female,147.253.65.214
275,0,Architect,fdebruin7m@miitbeian.gov.cn,Polygender,52.186.67.154
276,1,Construction Worker,porys7n@slate.com,Female,93.137.153.158
277,0,Construction Manager,dmcmychem7o@ifeng.com,Female,79.161.150.217
278,1,Electrician,hing7p@ibm.com,Male,163.60.249.235
279,0,Subcontractor,rfuller7q@techcrunch.com,Male,205.104.207.145
280,1,Architect,kvango7r@mayoclinic.com,Female,84.251.224.32
281,1,Construction Foreman,flaskey7s@google.nl,Female,43.77.153.32
282,1,Construction Expeditor,wjouandet7t@plala.or.jp,Agender,141.81.177.186
283,1,Project Manager,mnotman7u@last.fm,Female,169.143.116.241
284,0,Supervisor,llohmeyer7v@mtv.com,Female,68.15.169.228
285,1,Construction Foreman,hdowson7w@t.co,Male,184.110.157.60
286,1,Construction Manager,lwilfling7x@drupal.org,Male,76.164.194.27
287,1,Electrician,dwohler7y@yellowbook.com,Female,44.11.52.55
288,0,Construction Foreman,pharcus7z@scientificamerican.com,Female,245.150.185.123
289,0,Construction Manager,bizak80@parallels.com,Genderfluid,216.190.36.173
290,0,Project Manager,lwiffill81@bbc.co.uk,Polygender,134.158.33.71
291,0,Project Manager,sduran82@theatlantic.com,Agender,239.45.228.37
292,1,Electrician,kmetcalf83@wsj.com,Male,231.173.7.86
293,0,Construction Manager,lsheriff84@google.de,Female,80.226.219.69
294,1,Electrician,gcheeseman85@nps.gov,Female,207.100.20.191
295,0,Project Manager,usimone86@fda.gov,Female,50.19.20.13
296,1,Supervisor,grean87@gov.uk,Polygender,209.45.33.166
297,1,Construction Foreman,bnicklin88@uiuc.edu,Female,118.251.51.193
298,0,Construction Manager,bmawne89@dedecms.com,Female,205.100.94.108
299,0,Subcontractor,plegen8a@wikispaces.com,Female,46.122.57.191
300,0,Construction Expeditor,agonnely8b@google.co.jp,Female,205.42.226.233
301,0,Construction Expeditor,hvolet8c@instagram.com,Female,69.184.54.12
302,1,Estimator,dkraft8d@addthis.com,Male,36.218.91.137
303,1,Estimator,skinnoch8e@nationalgeographic.com,Male,132.195.1.11
304,0,Project Manager,mlavrick8f@businessinsider.com,Bigender,249.196.228.81
305,1,Architect,bboschmann8g@newsvine.com,Female,182.45.223.248
306,0,Construction Foreman,gcoggins8h@latimes.com,Male,92.30.174.58
307,1,Estimator,klemarquis8i@webnode.com,Male,197.37.140.108
308,1,Estimator,cbronot8j@163.com,Male,110.55.118.246
309,1,Architect,lsanger8k@e-recht24.de,Male,242.27.180.212
310,1,Construction Foreman,ptollow8l@artisteer.com,Genderqueer,236.181.125.90
311,0,Supervisor,mkaesmakers8m@webeden.co.uk,Female,108.243.173.145
312,1,Architect,btargetter8n@uiuc.edu,Agender,118.40.41.134
313,1,Electrician,fbenzing8o@ezinearticles.com,Female,116.97.50.73
314,1,Electrician,vcrockley8p@comcast.net,Male,146.90.109.126
315,0,Supervisor,wlowde8q@yellowbook.com,Female,99.180.120.180
316,0,Electrician,rdemann8r@feedburner.com,Male,90.133.202.186
317,1,Estimator,preaman8s@deliciousdays.com,Male,101.50.87.168
318,0,Electrician,pvitet8t@hubpages.com,Male,124.126.55.128
319,0,Supervisor,jcolville8u@unc.edu,Female,122.244.75.254
320,1,Electrician,ctorrie8v@toplist.cz,Male,232.85.54.220
321,1,Electrician,fnorwood8w@walmart.com,Male,147.83.192.206
322,0,Subcontractor,cgomez8x@live.com,Male,235.227.79.33
323,1,Electrician,jjowett8y@seattletimes.com,Male,244.191.122.46
324,1,Construction Foreman,mtroyes8z@usnews.com,Female,54.166.97.221
325,0,Engineer,dcradoc90@bigcartel.com,Male,61.224.108.145
326,0,Construction Worker,tbestall91@indiatimes.com,Bigender,70.250.152.92
327,1,Construction Expeditor,svlies92@diigo.com,Male,170.102.69.118
328,0,Surveyor,kcrossfeld93@sohu.com,Male,153.73.231.141
329,0,Surveyor,nbroadbent94@ted.com,Female,30.36.208.163
330,1,Construction Worker,bwimmer95@bloglines.com,Male,49.18.149.43
331,1,Project Manager,pscaddon96@hhs.gov,Male,53.30.190.144
332,1,Supervisor,jmckeaney97@jiathis.com,Male,149.141.80.215
333,1,Subcontractor,tgiorgetti98@edublogs.org,Male,252.150.3.96
334,1,Project Manager,lfreda99@japanpost.jp,Female,245.127.88.16
335,1,Construction Foreman,ecarnilian9a@princeton.edu,Female,217.89.56.147
336,1,Subcontractor,piddy9b@marketwatch.com,Female,234.51.205.46
337,1,Surveyor,cmcguire9c@washington.edu,Male,208.50.41.216
338,1,Subcontractor,aoertzen9d@shareasale.com,Female,186.5.148.200
339,1,Subcontractor,rliger9e@prweb.com,Male,206.219.221.49
340,0,Construction Worker,fkimber9f@deliciousdays.com,Male,85.95.138.25
341,1,Subcontractor,whapke9g@goodreads.com,Female,89.228.157.194
342,1,Architect,gpiggens9h@g.co,Female,86.56.207.12
343,1,Construction Expeditor,elegh9i@cbslocal.com,Female,3.4.85.31
344,1,Construction Foreman,pwhyler9j@comcast.net,Female,49.155.76.63
345,0,Subcontractor,eriley9k@goodreads.com,Male,169.196.45.248
346,1,Construction Expeditor,jbrownscombe9l@baidu.com,Female,102.194.45.79
347,0,Architect,lphilbin9m@furl.net,Agender,219.55.70.81
348,0,Project Manager,eiannini9n@craigslist.org,Genderqueer,247.7.83.124
349,1,Construction Foreman,selliman9o@youku.com,Female,12.90.15.219
350,1,Project Manager,ggateman9p@topsy.com,Male,228.160.5.223
351,1,Project Manager,gbraunle9q@hao123.com,Female,190.143.55.114
352,0,Construction Expeditor,lwitherbed9r@mashable.com,Female,225.19.196.65
353,1,Project Manager,garnoll9s@salon.com,Male,1.102.219.41
354,1,Subcontractor,zsmalls9t@eventbrite.com,Female,215.169.154.137
355,1,Electrician,hbricksey9u@dmoz.org,Female,89.141.98.38
356,1,Estimator,rgoing9v@i2i.jp,Male,175.46.5.120
357,0,Electrician,aroycroft9w@ask.com,Male,87.231.131.130
358,1,Construction Worker,lradleigh9x@princeton.edu,Female,167.59.2.235
359,1,Engineer,vmcghee9y@cloudflare.com,Male,8.117.229.43
360,0,Construction Worker,jphillcox9z@examiner.com,Female,196.149.48.170
361,1,Project Manager,wduckerina0@cnet.com,Male,42.141.83.181
362,0,Construction Manager,apaolozzia1@etsy.com,Male,208.195.38.132
363,0,Construction Manager,jgregsona2@tuttocitta.it,Female,174.106.19.199
364,0,Engineer,emeysa3@wired.com,Male,26.186.227.39
365,0,Engineer,abuscombea4@opensource.org,Male,117.165.186.92
366,0,Subcontractor,cdunphya5@g.co,Female,18.215.151.86
367,1,Construction Foreman,mslacka6@freewebs.com,Female,234.70.133.9
368,0,Project Manager,cbreslina7@wordpress.org,Bigender,47.198.196.32
369,0,Engineer,cpatronoa8@vimeo.com,Genderfluid,88.232.214.78
370,0,Project Manager,rheinreicha9@ycombinator.com,Female,83.5.247.10
371,1,Surveyor,britmeyeraa@aol.com,Female,53.119.233.103
372,1,Electrician,tbousfieldab@go.com,Male,114.33.16.5
373,0,Architect,tjuszczakac@1688.com,Female,124.146.245.44
374,0,Surveyor,cpriestlandad@comcast.net,Male,37.217.77.169
375,1,Architect,gfieldersae@ted.com,Female,130.31.117.74
376,1,Supervisor,etrittonaf@wunderground.com,Female,76.21.2.170
377,0,Construction Manager,bclappertonag@ihg.com,Genderfluid,250.238.213.57
378,1,Engineer,eespinosah@europa.eu,Male,136.217.198.218
379,1,Construction Worker,ctouretai@yellowbook.com,Female,168.115.4.237
380,1,Architect,bmarrineraj@wp.com,Female,92.204.233.60
381,1,Engineer,gstopsak@marketwatch.com,Male,72.57.99.71
382,0,Engineer,adeatheal@ustream.tv,Female,21.7.158.37
383,0,Supervisor,gcabbellam@buzzfeed.com,Male,9.17.2.211
384,0,Engineer,emcclaryan@china.com.cn,Female,189.73.223.251
385,0,Construction Expeditor,dchrystieao@weather.com,Male,255.191.206.46
386,1,Engineer,lravenscroftap@infoseek.co.jp,Male,242.182.202.132
387,0,Engineer,bbenechaq@ed.gov,Female,219.72.115.29
388,0,Surveyor,cextilar@shutterfly.com,Male,86.197.197.30
389,1,Subcontractor,lchidgeyas@washington.edu,Female,13.0.123.67
390,1,Construction Expeditor,nchengat@goodreads.com,Female,51.218.206.127
391,0,Construction Expeditor,ijaniakau@freewebs.com,Female,234.96.152.100
392,0,Surveyor,ldranav@barnesandnoble.com,Female,111.79.88.118
393,0,Supervisor,svansalzbergeraw@google.ca,Male,18.99.147.7
394,0,Construction Manager,sleflemingax@answers.com,Male,179.251.18.137
395,1,Electrician,msucklingay@gmpg.org,Female,2.106.233.98
396,0,Construction Foreman,jheddanaz@nhs.uk,Non-binary,181.15.249.139
397,1,Electrician,rfarlambb0@gnu.org,Bigender,81.134.109.206
398,0,Architect,kantoniewiczb1@meetup.com,Female,191.170.35.29
399,1,Construction Worker,eyedyb2@exblog.jp,Male,49.82.185.253
400,1,Construction Manager,astansfieldb3@com.com,Female,184.254.215.122
401,1,Subcontractor,dhughlandb4@spiegel.de,Male,91.229.88.144
402,1,Project Manager,rrichesb5@photobucket.com,Male,122.24.253.156
403,1,Subcontractor,klambdenb6@nymag.com,Female,26.196.114.44
404,0,Subcontractor,ehouseb7@apple.com,Male,29.39.96.146
405,0,Surveyor,tkerib8@reference.com,Male,65.230.225.226
406,0,Estimator,dfakeleyb9@chron.com,Male,197.81.157.39
407,1,Construction Foreman,rtenbroekba@columbia.edu,Male,90.231.160.112
408,1,Supervisor,jdeeneybb@issuu.com,Genderfluid,129.122.119.184
409,0,Construction Manager,rdenzeybc@vinaora.com,Female,122.74.57.246
410,0,Construction Foreman,rkeigbd@usda.gov,Female,190.253.133.195
411,0,Subcontractor,boneilbe@1und1.de,Female,154.191.78.129
412,0,Construction Expeditor,mcarlettobf@google.co.jp,Genderqueer,253.140.2.135
413,1,Construction Foreman,zbuiebg@chicagotribune.com,Female,65.73.19.117
414,1,Construction Worker,djeskinbh@csmonitor.com,Female,87.230.170.163
415,1,Construction Manager,mbaigriebi@vistaprint.com,Male,5.212.155.228
416,1,Supervisor,dskivingtonbj@globo.com,Female,154.72.54.100
417,0,Electrician,hlorenzinbk@jugem.jp,Male,42.57.104.223
418,1,Construction Foreman,rmcelweebl@arstechnica.com,Male,82.92.200.134
419,0,Construction Foreman,meakleybm@addtoany.com,Male,25.52.206.185
420,0,Electrician,sfarloebn@moonfruit.com,Male,195.67.118.102
421,0,Electrician,wrailtonbo@typepad.com,Genderqueer,95.95.237.128
422,1,Subcontractor,nmattheusbp@t.co,Female,109.135.149.36
423,1,Supervisor,dpolkinhornbq@wisc.edu,Polygender,144.209.252.80
424,1,Estimator,tdinsebr@sun.com,Male,20.67.234.237
425,0,Construction Foreman,hprinebs@nydailynews.com,Male,238.137.1.64
426,1,Construction Worker,pembletonbt@nbcnews.com,Male,131.101.191.75
427,0,Electrician,lcleallbu@yellowpages.com,Male,174.183.255.151
428,0,Construction Expeditor,wglascottbv@ustream.tv,Female,9.14.71.170
429,0,Surveyor,jdegoeybw@economist.com,Male,85.120.253.230
430,0,Construction Expeditor,mbigriggbx@wix.com,Female,136.134.203.163
431,0,Project Manager,gsigwardby@oaic.gov.au,Female,183.239.234.48
432,1,Electrician,nstarfordbz@biblegateway.com,Male,132.238.81.155
433,1,Construction Foreman,perbec0@wix.com,Male,189.252.74.153
434,0,Surveyor,raubertc1@ucoz.ru,Male,134.169.216.148
435,1,Estimator,bmcwhinniec2@newyorker.com,Female,127.237.140.85
436,1,Construction Foreman,malgorec3@ovh.net,Female,32.164.70.236
437,1,Subcontractor,jnalderc4@umn.edu,Female,216.235.70.104
438,0,Construction Expeditor,hboundsc5@blog.com,Genderfluid,241.20.99.109
439,0,Construction Expeditor,tharraginc6@e-recht24.de,Male,64.175.212.125
440,0,Subcontractor,leccersleyc7@latimes.com,Male,76.165.130.160
441,1,Supervisor,lwittkec8@independent.co.uk,Male,213.33.147.39
442,1,Construction Foreman,npellingarc9@whitehouse.gov,Male,214.88.70.160
443,1,Architect,emckeurtonca@amazon.de,Female,49.58.47.142
444,0,Project Manager,tmcreynoldcb@freewebs.com,Female,75.225.145.121
445,1,Subcontractor,rmeasorcc@ibm.com,Male,10.143.107.103
446,1,Construction Worker,smarshamcd@wordpress.com,Male,78.131.61.46
447,1,Engineer,eblythingce@cocolog-nifty.com,Male,134.123.168.212
448,1,Electrician,kcookecf@arizona.edu,Male,234.55.116.236
449,0,Surveyor,pkingshottcg@salon.com,Genderfluid,71.189.229.191
450,0,Electrician,ctingeych@samsung.com,Female,225.27.111.112
451,0,Subcontractor,bmatuszakci@dot.gov,Male,130.21.140.154
452,0,Construction Manager,wmarnscj@un.org,Male,160.151.255.141
453,1,Electrician,jalenovck@walmart.com,Female,205.220.99.95
454,1,Construction Manager,rviscocl@sakura.ne.jp,Male,10.252.142.188
455,1,Electrician,lhadgkisscm@feedburner.com,Male,245.231.121.18
456,0,Supervisor,gkalkofencn@wikia.com,Female,65.230.103.161
457,1,Surveyor,tfehnersco@opera.com,Male,170.193.150.220
458,1,Construction Foreman,cwhitechurchcp@example.com,Non-binary,149.249.209.72
459,0,Estimator,ssikorskycq@histats.com,Female,211.228.26.58
460,0,Estimator,dbassocr@netscape.com,Male,158.196.105.243
461,1,Project Manager,askinncs@naver.com,Female,6.28.212.127
462,0,Construction Worker,ocarrabottct@twitpic.com,Male,146.194.43.186
463,1,Supervisor,ebeaverscu@altervista.org,Male,148.120.206.102
464,0,Construction Foreman,lespinalcv@tmall.com,Male,37.48.192.51
465,1,Project Manager,eroskellcw@independent.co.uk,Female,166.102.186.146
466,0,Surveyor,repiletcx@marketwatch.com,Female,74.210.238.95
467,0,Construction Expeditor,swoolveridgecy@last.fm,Female,134.197.1.23
468,1,Electrician,tmcmastercz@jiathis.com,Male,68.190.230.183
469,1,Supervisor,rbarried0@etsy.com,Female,127.81.34.7
470,1,Estimator,gedmeadsd1@histats.com,Bigender,190.69.188.181
471,0,Surveyor,nficed2@deviantart.com,Female,119.214.186.144
472,1,Electrician,bdockrayd3@bizjournals.com,Male,245.234.30.7
473,0,Construction Manager,hserled4@accuweather.com,Female,144.124.212.133
474,1,Engineer,rfennerd5@delicious.com,Female,216.93.154.233
475,1,Construction Expeditor,hbuffyd6@usatoday.com,Female,187.50.80.23
476,1,Architect,mrediersd7@army.mil,Non-binary,163.131.123.120
477,1,Supervisor,eshoebothamd8@blinklist.com,Female,129.72.4.157
478,0,Architect,eremingtond9@chron.com,Female,27.131.211.27
479,1,Electrician,scaudrelierda@go.com,Female,71.248.165.127
480,0,Construction Worker,cbiasidb@techcrunch.com,Male,234.164.77.145
481,0,Electrician,tlemerchantdc@cnn.com,Male,145.212.213.144
482,1,Subcontractor,zmazzeodd@senate.gov,Male,205.82.137.61
483,1,Subcontractor,sbottjerde@gnu.org,Female,181.7.239.117
484,0,Supervisor,tsummersdf@is.gd,Female,151.148.132.206
485,1,Estimator,mcomettoidg@a8.net,Female,31.91.223.27
486,1,Surveyor,mgoolddh@domainmarket.com,Female,54.244.185.171
487,0,Subcontractor,mokkerdi@friendfeed.com,Male,234.240.131.146
488,0,Construction Worker,mcorroyerdj@de.vu,Male,64.107.41.246
489,1,Construction Worker,tsorbeydk@wikipedia.org,Female,23.155.0.147
490,1,Construction Worker,ksenechaultdl@linkedin.com,Male,192.197.131.246
491,0,Construction Worker,ebenettolodm@123-reg.co.uk,Female,228.228.192.208
492,0,Surveyor,mrushsorthdn@ehow.com,Male,131.13.245.250
493,0,Construction Expeditor,mpymardo@mashable.com,Male,76.62.216.12
494,0,Construction Manager,mturfreydp@etsy.com,Male,42.73.140.90
495,1,Surveyor,eobrallaghandq@reference.com,Male,219.202.237.49
496,0,Supervisor,lsauvagedr@ed.gov,Bigender,44.198.76.11
497,0,Construction Worker,agutierrezds@jalbum.net,Male,0.178.12.0
498,0,Supervisor,kfidlerdt@amazon.co.jp,Female,215.198.213.249
499,0,Surveyor,gcaughtedu@seattletimes.com,Female,184.11.63.198
500,1,Subcontractor,rwastiedv@biblegateway.com,Male,220.217.49.86
501,0,Construction Manager,cklugdw@msu.edu,Female,177.240.175.93
502,0,Project Manager,sorrdx@taobao.com,Female,64.20.158.136
503,1,Architect,testerbrookdy@google.co.uk,Male,230.190.57.171
504,0,Construction Worker,ysheppeydz@google.co.jp,Male,81.252.49.248
505,0,Construction Worker,aiowarche0@amazon.co.uk,Male,121.102.66.167
506,1,Construction Foreman,adeeneye1@tmall.com,Male,141.20.242.244
507,0,Electrician,ypfaffe2@nih.gov,Male,185.202.156.242
508,1,Construction Foreman,mredmaine3@google.com.br,Male,84.177.224.217
509,0,Electrician,rbyerse4@bizjournals.com,Male,33.156.248.163
510,0,Project Manager,eruttye5@indiegogo.com,Bigender,90.55.212.152
511,0,Surveyor,gstairmande6@yahoo.co.jp,Male,252.214.193.143
512,1,Construction Manager,lconringe7@usnews.com,Male,172.246.147.68
513,0,Construction Worker,craoule8@adobe.com,Male,0.35.67.173
514,1,Construction Worker,nswannelle9@creativecommons.org,Female,132.19.115.70
515,1,Engineer,aczaplaea@bigcartel.com,Male,20.132.182.124
516,0,Subcontractor,choldeeb@spiegel.de,Male,140.210.193.116
517,0,Construction Foreman,vcattowec@aboutads.info,Male,152.59.101.160
518,0,Surveyor,caddyed@friendfeed.com,Male,95.160.107.238
519,0,Construction Worker,erowlstoneee@sina.com.cn,Bigender,67.66.89.138
520,1,Construction Manager,rbaldief@home.pl,Male,248.36.77.75
521,0,Project Manager,wfritcheeg@yolasite.com,Male,209.237.171.179
522,1,Estimator,tfessbyeh@prweb.com,Female,230.209.198.22
523,1,Engineer,ebeneteauei@constantcontact.com,Male,98.92.31.45
524,0,Supervisor,rcatherickej@patch.com,Female,193.2.136.2
525,0,Electrician,focriganek@forbes.com,Female,191.120.106.26
526,0,Subcontractor,mpadellel@samsung.com,Female,104.135.74.180
527,1,Surveyor,rcastellaem@ycombinator.com,Female,158.127.107.55
528,0,Construction Foreman,scokeen@walmart.com,Genderqueer,203.52.248.7
529,0,Electrician,swillshireeo@bandcamp.com,Male,10.243.183.88
530,0,Estimator,gzahorep@japanpost.jp,Female,26.85.211.51
531,1,Subcontractor,gbeakeq@businessweek.com,Female,80.130.235.82
532,1,Electrician,lbraderer@cnn.com,Female,60.22.177.136
533,0,Subcontractor,vpartingtones@etsy.com,Female,221.112.211.154
534,0,Estimator,mhowlandet@geocities.com,Male,81.115.139.204
535,1,Architect,mconstantinoueu@thetimes.co.uk,Agender,47.159.32.69
536,0,Construction Foreman,rhempelev@independent.co.uk,Genderfluid,99.72.118.142
537,0,Supervisor,phaydenew@uol.com.br,Female,50.212.34.161
538,0,Construction Expeditor,fbuxseyex@hao123.com,Male,65.52.253.215
539,1,Construction Manager,owinleyey@discovery.com,Female,227.141.108.215
540,0,Architect,emacnameeez@latimes.com,Male,92.18.78.139
541,1,Construction Expeditor,mmericf0@behance.net,Female,102.77.78.160
542,0,Estimator,aabysf1@admin.ch,Female,32.195.190.75
543,0,Electrician,bstanworthf2@washington.edu,Male,42.184.112.32
544,1,Construction Expeditor,nipplettf3@eepurl.com,Female,93.109.210.108
545,0,Construction Expeditor,ihasemanf4@ucla.edu,Female,84.253.38.74
546,1,Construction Worker,vpontenf5@nps.gov,Female,173.202.100.165
547,0,Surveyor,kskullyf6@economist.com,Female,237.245.13.35
548,1,Construction Expeditor,jzoellnerf7@taobao.com,Female,120.174.228.222
549,0,Supervisor,sdettmarf8@businessinsider.com,Polygender,226.66.7.77
550,1,Construction Expeditor,brockhillf9@rediff.com,Male,46.172.123.75
551,0,Surveyor,eflitcroftfa@narod.ru,Male,205.144.6.168
552,0,Supervisor,dgookesfb@wired.com,Male,146.220.9.225
553,0,Architect,wferyfc@cafepress.com,Female,105.31.151.156
554,1,Project Manager,bgillesonfd@merriam-webster.com,Male,56.78.145.165
555,0,Project Manager,rprobatefe@creativecommons.org,Male,30.191.102.55
556,1,Engineer,emagnarff@kickstarter.com,Female,8.146.102.204
557,1,Engineer,dparkefg@sciencedaily.com,Male,84.38.10.170
558,1,Subcontractor,nhammantfh@cocolog-nifty.com,Female,71.113.191.85
559,0,Construction Manager,smontfi@goo.gl,Female,41.169.96.205
560,1,Supervisor,mboothebiefj@github.io,Female,21.25.68.176
561,0,Subcontractor,fclamptonfk@cam.ac.uk,Male,212.242.174.253
562,0,Architect,eericssenfl@behance.net,Male,185.215.13.107
563,0,Project Manager,ofauxfm@bbc.co.uk,Male,185.130.187.46
564,0,Architect,tgooleyfn@sakura.ne.jp,Male,214.181.53.231
565,1,Surveyor,eoharefo@google.co.uk,Female,203.19.109.168
566,0,Supervisor,ltattoofp@omniture.com,Female,239.3.182.103
567,0,Project Manager,lsmorfitfq@soundcloud.com,Male,67.11.57.93
568,1,Construction Expeditor,rjuanesfr@ameblo.jp,Female,102.68.72.188
569,0,Construction Expeditor,rshinefs@mediafire.com,Female,255.35.157.132
570,0,Supervisor,nmeininkingft@fotki.com,Male,10.0.101.109
571,0,Project Manager,mheysfu@berkeley.edu,Bigender,3.36.126.236
572,1,Project Manager,amarcosfv@comsenz.com,Male,8.10.140.164
573,0,Construction Manager,msergisonfw@discovery.com,Male,48.219.209.115
574,0,Supervisor,cmaffiafx@apple.com,Male,167.153.168.228
575,0,Construction Expeditor,rshillabearfy@icio.us,Female,97.60.86.42
576,1,Project Manager,olonghirstfz@posterous.com,Male,27.192.13.69
577,1,Estimator,wolleg0@nationalgeographic.com,Male,72.213.234.172
578,1,Architect,ijearyg1@va.gov,Male,81.6.11.156
579,1,Supervisor,jbourgetg2@dedecms.com,Female,88.164.8.215
580,0,Construction Manager,afitchettg3@fotki.com,Female,204.210.71.240
581,0,Construction Manager,akirkebyeg4@spiegel.de,Polygender,78.2.184.20
582,0,Construction Foreman,fbirchwoodg5@ucla.edu,Male,133.44.65.186
583,0,Construction Expeditor,wtuffellg6@netlog.com,Female,41.253.17.44
584,1,Electrician,mstallwoodg7@loc.gov,Female,88.180.188.185
585,0,Construction Worker,lcinnamondg8@house.gov,Female,134.66.34.54
586,0,Construction Manager,mthrelkeldg9@ucla.edu,Female,93.176.200.239
587,1,Construction Expeditor,sbrennenga@skype.com,Male,66.2.39.50
588,1,Engineer,pdarcygb@ucla.edu,Male,86.147.175.93
589,0,Construction Manager,lscarregc@seattletimes.com,Non-binary,88.137.207.89
590,0,Architect,aheadlygd@hp.com,Male,141.205.111.69
591,0,Construction Expeditor,lbotrightge@stanford.edu,Female,142.82.243.44
592,1,Supervisor,fmcginleygf@latimes.com,Female,13.181.149.252
593,1,Construction Expeditor,scardnellgg@hc360.com,Female,124.38.48.170
594,1,Subcontractor,dcrewsgh@engadget.com,Male,53.21.203.241
595,0,Construction Expeditor,hdablegi@ow.ly,Male,154.136.78.94
596,1,Surveyor,eweddeburngj@jimdo.com,Male,221.25.196.44
597,0,Electrician,drannigangk@qq.com,Female,56.102.245.99
598,0,Engineer,creascegl@fda.gov,Male,175.110.218.206
599,0,Supervisor,tmcmilliangm@photobucket.com,Male,151.94.146.45
600,0,Project Manager,lodygn@odnoklassniki.ru,Polygender,94.249.181.60
601,1,Engineer,clelliottgo@nature.com,Male,205.69.87.167
602,0,Engineer,nfeaversgp@pen.io,Male,98.214.96.244
603,1,Construction Expeditor,dpenningtongq@patch.com,Genderqueer,205.30.121.254
604,0,Electrician,cfountiangr@skype.com,Non-binary,15.7.149.202
605,1,Project Manager,btownendgs@yahoo.com,Female,139.44.122.51
606,0,Supervisor,gceyssengt@ebay.com,Female,85.52.85.91
607,0,Project Manager,pfacchinigu@princeton.edu,Non-binary,244.25.82.195
608,1,Construction Manager,fgoodredgegv@netscape.com,Female,125.93.245.201
609,0,Supervisor,ttregiengw@themeforest.net,Male,213.28.56.67
610,1,Engineer,tgloygx@typepad.com,Male,125.88.181.254
611,1,Subcontractor,rsomerscalesgy@networkadvertising.org,Female,32.242.136.158
612,0,Subcontractor,hmacmeekinggz@odnoklassniki.ru,Non-binary,56.145.74.223
613,1,Construction Manager,neadenh0@mlb.com,Female,187.144.231.110
614,1,Estimator,gduffillh1@eventbrite.com,Male,45.218.11.80
615,1,Engineer,jcullrfordh2@census.gov,Male,59.38.31.242
616,1,Supervisor,lcicchinellih3@comcast.net,Male,30.153.77.117
617,1,Engineer,mwarenh4@msu.edu,Male,115.226.218.234
618,1,Electrician,stimoneyh5@google.de,Male,177.75.41.98
619,1,Construction Manager,agreasleyh6@wired.com,Genderqueer,186.197.222.239
620,0,Surveyor,cshireffh7@t.co,Male,15.253.109.11
621,0,Subcontractor,hcrisph8@shop-pro.jp,Female,87.119.199.34
622,0,Engineer,akordovah9@ustream.tv,Male,251.122.128.24
623,1,Electrician,cadrienneha@nps.gov,Male,143.67.202.212
624,0,Construction Expeditor,mdolleyhb@oaic.gov.au,Female,136.250.23.167
625,0,Engineer,tbarltrophc@gizmodo.com,Female,71.126.6.241
626,1,Supervisor,ydearehd@fema.gov,Female,183.7.234.174
627,1,Construction Foreman,jbayleshe@slate.com,Female,94.56.208.187
628,1,Construction Worker,rboldeckehf@princeton.edu,Male,85.139.73.187
629,0,Construction Foreman,bhowlehg@rakuten.co.jp,Non-binary,108.49.61.188
630,0,Architect,smishawhh@icio.us,Male,250.9.119.108
631,1,Architect,nlewenshi@cnn.com,Male,182.76.107.122
632,0,Estimator,cfotherbyhj@answers.com,Polygender,206.7.144.76
633,0,Project Manager,iondrusekhk@surveymonkey.com,Female,100.150.128.71
634,1,Construction Foreman,mjeunehl@oracle.com,Female,181.124.22.187
635,1,Construction Expeditor,cgrossierhm@reddit.com,Genderqueer,103.155.128.74
636,1,Engineer,igiannazzohn@vimeo.com,Female,112.42.232.198
637,0,Construction Expeditor,lklimptho@qq.com,Female,96.119.159.214
638,0,Engineer,jtitmanhp@github.io,Polygender,135.76.202.172
639,1,Subcontractor,espiaggiahq@a8.net,Genderfluid,163.214.94.59
640,1,Construction Foreman,rmarrehr@storify.com,Female,180.118.88.34
641,0,Subcontractor,imoncasterhs@gizmodo.com,Female,20.199.251.210
642,0,Construction Expeditor,merroweht@prweb.com,Male,222.7.112.58
643,1,Architect,ydevonhu@foxnews.com,Male,85.68.113.110
644,1,Electrician,sgirthhv@bizjournals.com,Male,142.174.58.53
645,0,Electrician,ccoetzeehw@marriott.com,Male,202.210.13.203
646,0,Estimator,sbienvenuhx@dropbox.com,Female,78.42.206.81
647,1,Electrician,dpeyehy@nasa.gov,Female,222.2.147.193
648,0,Surveyor,igamilhz@zimbio.com,Male,215.253.31.26
649,0,Estimator,jbyrchi0@bing.com,Female,51.147.54.228
650,0,Estimator,dalfonsinii1@opensource.org,Male,105.176.91.7
651,1,Surveyor,ckilgouri2@arizona.edu,Male,150.97.162.141
652,0,Construction Expeditor,pmckellochi3@php.net,Female,142.127.4.63
653,0,Architect,dbloxsomei4@paypal.com,Male,173.50.161.165
654,1,Construction Worker,ispeedingi5@usda.gov,Female,228.86.158.230
655,1,Supervisor,bmccullaghi6@mtv.com,Female,243.81.57.173
656,0,Construction Expeditor,mbartkiewiczi7@ebay.co.uk,Female,57.114.195.254
657,1,Construction Expeditor,elabounei8@themeforest.net,Male,6.224.241.226
658,0,Surveyor,apilbeami9@wikispaces.com,Male,9.10.118.185
659,1,Subcontractor,pdarlowia@scientificamerican.com,Male,92.165.13.21
660,1,Architect,araundib@narod.ru,Non-binary,33.95.16.218
661,0,Electrician,lyeoic@hp.com,Female,216.183.14.229
662,1,Project Manager,skyndid@slate.com,Agender,177.161.4.237
663,0,Estimator,rrylandie@themeforest.net,Female,20.122.7.69
664,0,Construction Manager,reccleshareif@hostgator.com,Female,28.7.139.123
665,0,Surveyor,cmouleig@businesswire.com,Female,160.60.165.7
666,1,Construction Worker,lsponerih@huffingtonpost.com,Male,216.76.213.251
667,1,Project Manager,kbrindedii@oakley.com,Female,101.154.235.177
668,0,Construction Worker,vtrevanceij@xing.com,Female,208.177.146.184
669,0,Construction Expeditor,cshowteik@yellowbook.com,Male,155.159.224.117
670,1,Estimator,treussil@timesonline.co.uk,Male,184.225.190.55
671,0,Subcontractor,hpolleim@360.cn,Bigender,206.244.176.5
672,0,Engineer,hjefferysin@squarespace.com,Male,175.152.208.230
673,0,Electrician,ofishwickio@naver.com,Female,176.80.51.211
674,1,Construction Manager,omaccafferkyip@accuweather.com,Female,79.141.217.26
675,1,Supervisor,djeffreeiq@i2i.jp,Male,255.164.110.94
676,1,Estimator,fduddleir@yandex.ru,Female,116.207.12.0
677,0,Architect,nmorebyis@ox.ac.uk,Male,178.247.132.168
678,1,Architect,dbohmanit@amazon.co.uk,Female,49.146.86.250
679,0,Supervisor,cdeighaniu@ox.ac.uk,Female,18.220.196.113
680,0,Project Manager,jjuppeiv@com.com,Male,220.100.183.224
681,1,Subcontractor,gmalenoiriw@gnu.org,Female,128.180.9.55
682,1,Estimator,osandleix@apache.org,Male,18.155.194.209
683,1,Construction Foreman,ssnarieiy@networkadvertising.org,Male,85.248.135.103
684,0,Electrician,fmcteggartiz@sbwire.com,Female,72.153.65.245
685,1,Electrician,qstammirsj0@hugedomains.com,Male,201.244.124.182
686,1,Supervisor,hibbesonj1@histats.com,Non-binary,254.77.47.250
687,0,Construction Expeditor,dtonepohlj2@zdnet.com,Female,210.125.74.228
688,1,Electrician,sjoynsonj3@cloudflare.com,Female,157.18.193.11
689,0,Construction Foreman,mmouldenj4@independent.co.uk,Polygender,35.251.157.66
690,0,Electrician,mdibiasij5@nyu.edu,Female,183.158.203.157
691,1,Estimator,nfugej6@nbcnews.com,Female,148.98.128.94
692,1,Construction Worker,dgallaherj7@forbes.com,Female,177.75.48.231
693,0,Construction Expeditor,sharriganj8@123-reg.co.uk,Female,223.148.193.244
694,0,Estimator,ofattorinij9@sogou.com,Agender,56.191.120.184
695,1,Construction Worker,hcashellja@sciencedaily.com,Male,19.222.228.60
696,1,Surveyor,tchristensenjb@nasa.gov,Male,133.6.173.107
697,0,Estimator,bbeekejc@vkontakte.ru,Male,153.220.215.127
698,0,Surveyor,creecejd@youtube.com,Female,243.148.194.183
699,1,Project Manager,gvanderhovenje@toplist.cz,Bigender,59.208.48.198
700,0,Construction Manager,dpoleykettjf@ehow.com,Agender,10.2.115.25
701,0,Surveyor,wtebbettjg@xinhuanet.com,Male,212.69.255.101
702,0,Construction Foreman,cblackaterjh@si.edu,Male,220.105.37.46
703,0,Subcontractor,eisacqji@mtv.com,Male,248.204.191.250
704,0,Supervisor,alelandejj@edublogs.org,Male,18.233.25.46
705,1,Construction Worker,lrosemanjk@theglobeandmail.com,Male,102.183.33.174
706,0,Construction Expeditor,kgoodletjl@cbsnews.com,Male,217.72.234.139
707,1,Subcontractor,lsimoninijm@virginia.edu,Female,131.37.230.185
708,0,Subcontractor,lwebermannjn@diigo.com,Female,75.174.209.241
709,1,Architect,ywayvilljo@hugedomains.com,Male,145.181.61.118
710,1,Construction Expeditor,wsaggjp@e-recht24.de,Female,33.41.111.251
711,1,Architect,lmullanejq@mtv.com,Male,69.192.35.150
712,1,Construction Foreman,ggairjr@webeden.co.uk,Female,133.10.238.110
713,1,Surveyor,fleveretjs@lycos.com,Female,130.43.7.10
714,0,Engineer,fmaccarrickjt@themeforest.net,Male,2.192.179.209
715,0,Project Manager,ablampeyju@barnesandnoble.com,Female,166.64.220.57
716,0,Construction Worker,srispinjv@networkadvertising.org,Male,55.107.36.92
717,0,Electrician,kvasyuninjw@surveymonkey.com,Female,196.31.85.51
718,1,Construction Expeditor,mroxbyjx@hud.gov,Female,221.132.51.138
719,1,Supervisor,sdowbigginjy@desdev.cn,Male,69.76.234.58
720,0,Electrician,vkenvinjz@gov.uk,Female,160.233.243.192
721,1,Engineer,mgentschk0@arizona.edu,Female,143.158.87.27
722,0,Construction Expeditor,cwarwickk1@wp.com,Male,128.207.163.73
723,0,Construction Worker,kgoodbark2@comcast.net,Male,59.29.0.37
724,0,Surveyor,tjakemank3@google.es,Female,0.227.184.99
725,0,Architect,igiovanazzik4@princeton.edu,Male,113.171.205.232
726,0,Construction Foreman,agaveyk5@lycos.com,Male,39.233.108.59
727,1,Supervisor,ascreachk6@nasa.gov,Female,127.80.27.184
728,0,Construction Manager,rknevetk7@blogs.com,Agender,167.141.232.211
729,0,Construction Expeditor,rcapelink8@printfriendly.com,Genderqueer,229.189.14.2
730,1,Architect,hvolkk9@intel.com,Female,175.206.138.227
731,1,Surveyor,hlakeska@hibu.com,Male,22.112.135.56
732,1,Construction Manager,dpabloskb@foxnews.com,Male,167.209.53.113
733,0,Subcontractor,nmcshanekc@nba.com,Female,112.26.123.206
734,1,Electrician,gbryentonkd@booking.com,Female,59.200.153.233
735,1,Supervisor,portegake@google.cn,Male,188.116.76.93
736,1,Subcontractor,mkernockkf@stumbleupon.com,Male,202.49.99.204
737,1,Project Manager,gcoultardkg@google.de,Male,177.135.192.179
738,0,Subcontractor,jpendleberrykh@blogtalkradio.com,Female,203.203.44.12
739,0,Construction Expeditor,aiwanowskiki@biglobe.ne.jp,Female,221.20.51.80
740,0,Project Manager,iettridgekj@hatena.ne.jp,Male,49.91.61.234
741,0,Estimator,nbottonerkk@mac.com,Female,187.176.17.153
742,1,Construction Worker,mabadekl@csmonitor.com,Female,60.148.160.214
743,1,Engineer,jjuggingkm@google.com.br,Male,111.115.158.169
744,0,Surveyor,fantoniadeskn@pinterest.com,Female,210.156.48.82
745,0,Construction Foreman,cshentonko@ftc.gov,Bigender,192.184.3.5
746,1,Architect,ipaynekp@engadget.com,Female,253.101.60.222
747,0,Surveyor,mstellinkq@pagesperso-orange.fr,Female,17.137.70.235
748,0,Subcontractor,vbolterkr@yolasite.com,Female,121.36.229.82
749,1,Surveyor,kjecksks@blogs.com,Bigender,147.9.29.33
750,0,Construction Manager,glakerkt@senate.gov,Male,19.177.48.234
751,1,Supervisor,draecroftku@mapquest.com,Female,146.12.153.84
752,1,Project Manager,vmccuekv@discovery.com,Male,152.35.73.233
753,0,Project Manager,fpandyakw@cnet.com,Female,130.239.150.66
754,1,Supervisor,rayerskx@squarespace.com,Male,243.173.21.18
755,1,Project Manager,lthodyky@ca.gov,Male,127.11.97.157
756,1,Construction Worker,nvargaskz@harvard.edu,Male,210.222.106.82
757,1,Estimator,smcphaterl0@wsj.com,Female,136.49.166.26
758,1,Architect,bsantinol1@php.net,Male,55.6.108.18
759,1,Electrician,acolmanl2@statcounter.com,Female,18.109.128.136
760,1,Construction Foreman,hgrayshonl3@acquirethisname.com,Female,82.234.153.205
761,1,Construction Worker,bfeganl4@buzzfeed.com,Female,196.21.73.221
762,1,Construction Foreman,vmattussevichl5@mtv.com,Non-binary,192.90.39.54
763,1,Electrician,ababel6@yahoo.co.jp,Female,84.46.105.157
764,0,Engineer,tthirlwalll7@springer.com,Female,51.8.238.187
765,1,Surveyor,swallingtonl8@goo.gl,Female,174.20.130.73
766,0,Construction Manager,mlinnittl9@bbb.org,Male,218.7.11.70
767,0,Construction Worker,aweblandla@hao123.com,Male,75.94.165.179
768,1,Construction Worker,tgoodersonlb@ibm.com,Male,38.91.87.127
769,1,Engineer,tgoodshiplc@usnews.com,Female,225.52.223.64
770,1,Engineer,ttemblettld@last.fm,Male,248.220.45.133
771,1,Engineer,hsollasle@photobucket.com,Female,246.254.86.227
772,0,Supervisor,tapfelmannlf@prnewswire.com,Male,229.25.206.117
773,1,Engineer,nmassimilg@nba.com,Female,94.182.214.238
774,1,Project Manager,ptroyeslh@go.com,Female,254.223.213.15
775,0,Construction Expeditor,spentercostli@vimeo.com,Male,156.255.112.43
776,1,Construction Expeditor,rruppelilj@i2i.jp,Female,176.75.8.23
777,1,Architect,fgealelk@wp.com,Female,181.128.11.86
778,0,Construction Manager,tparlotll@hc360.com,Female,246.196.159.43
779,0,Surveyor,earltlm@printfriendly.com,Female,178.68.197.115
780,1,Project Manager,mbevansln@hp.com,Female,213.57.206.0
781,1,Surveyor,istobbielo@ucla.edu,Male,144.79.164.183
782,1,Construction Worker,ccoglelp@economist.com,Female,6.66.99.68
783,1,Electrician,mparcelllq@cdbaby.com,Male,76.11.227.17
784,1,Surveyor,kcoonlr@sun.com,Female,79.15.131.182
785,0,Construction Manager,rparfettls@sogou.com,Female,110.26.15.59
786,0,Engineer,rgraceylt@youku.com,Female,122.144.136.80
787,0,Electrician,bmagarrelllu@lulu.com,Female,98.110.29.60
788,0,Architect,rcazinlv@sbwire.com,Female,46.122.78.46
789,1,Construction Manager,rhinglw@feedburner.com,Genderfluid,93.154.245.81
790,1,Construction Manager,rlippiettlx@typepad.com,Genderfluid,137.166.142.217
791,0,Subcontractor,dkelseyly@va.gov,Male,52.213.212.87
792,0,Architect,jidienslz@cloudflare.com,Male,108.47.216.187
793,1,Project Manager,jhushm0@admin.ch,Female,31.118.75.194
794,0,Surveyor,sruncimanm1@1688.com,Male,138.32.200.149
795,1,Estimator,fblindtm2@xing.com,Female,183.99.99.210
796,1,Construction Worker,hdalinderm3@twitter.com,Female,107.78.247.57
797,0,Construction Worker,kpullinm4@shutterfly.com,Female,221.120.218.69
798,0,Engineer,dgraffinm5@miitbeian.gov.cn,Male,75.128.45.131
799,1,Electrician,ebanaszewskim6@bravesites.com,Male,48.176.161.154
800,0,Estimator,akloserm7@w3.org,Female,166.203.237.68
801,0,Engineer,ngierkem8@un.org,Female,159.238.14.176
802,1,Electrician,cdiegom9@intel.com,Male,54.62.170.231
803,1,Construction Foreman,sbraksperma@mediafire.com,Male,214.92.217.26
804,1,Engineer,lringrosemb@cargocollective.com,Female,198.149.86.244
805,1,Engineer,achappelmc@scientificamerican.com,Male,70.146.119.161
806,0,Construction Worker,amillwallmd@tinyurl.com,Male,143.80.77.31
807,1,Construction Manager,egaunterme@virginia.edu,Female,114.194.75.222
808,0,Subcontractor,coverlowmf@va.gov,Male,105.59.228.255
809,0,Project Manager,agarnsonmg@meetup.com,Female,197.210.21.131
810,1,Construction Expeditor,wmaccreemh@wiley.com,Male,216.134.231.157
811,1,Architect,arotherhammi@xrea.com,Female,134.242.132.112
812,1,Electrician,khuntressmj@google.de,Female,251.131.96.186
813,0,Supervisor,kdrakesmk@surveymonkey.com,Male,121.223.197.218
814,1,Surveyor,cclardgeml@prweb.com,Female,187.97.230.43
815,1,Construction Worker,shavikmm@alexa.com,Female,50.108.253.99
816,0,Architect,cspurginmn@sfgate.com,Male,212.106.96.231
817,0,Construction Foreman,ptraylingmo@cdbaby.com,Female,36.240.100.9
818,0,Architect,csindallmp@guardian.co.uk,Female,196.43.190.126
819,1,Subcontractor,cscreachmq@yellowbook.com,Non-binary,194.164.191.25
820,1,Construction Worker,asighardmr@ustream.tv,Male,254.158.177.143
821,1,Estimator,lrottcherms@deliciousdays.com,Male,156.32.8.95
822,1,Surveyor,lbeechenomt@springer.com,Male,195.194.233.97
823,1,Construction Worker,bbuckleighmu@pen.io,Female,62.113.32.134
824,1,Electrician,lbontoftmv@t-online.de,Female,120.107.82.12
825,0,Architect,rjaspermw@pagesperso-orange.fr,Female,4.65.219.84
826,0,Supervisor,rwindleymx@hc360.com,Male,232.66.241.17
827,1,Estimator,tedmettmy@deliciousdays.com,Female,220.87.75.253
828,0,Engineer,achittockmz@yahoo.com,Female,208.29.92.35
829,0,Architect,alogesn0@shutterfly.com,Female,186.229.224.152
830,1,Construction Foreman,efeldmessern1@mail.ru,Female,151.30.20.200
831,1,Project Manager,crosbergn2@washington.edu,Male,222.105.117.62
832,1,Construction Worker,doddien3@vinaora.com,Female,86.237.98.118
833,0,Construction Manager,bfriseln4@zimbio.com,Female,215.159.252.236
834,1,Construction Foreman,dharmen5@t.co,Male,34.4.88.4
835,1,Construction Foreman,ebranchen6@va.gov,Male,108.251.103.153
836,0,Subcontractor,amcmennumn7@reuters.com,Female,166.223.248.22
837,0,Supervisor,mmcgillacoelln8@prweb.com,Female,62.15.144.200
838,1,Estimator,rforkann9@ebay.com,Female,102.8.162.78
839,1,Subcontractor,rjoscelinna@canalblog.com,Female,239.42.193.73
840,0,Estimator,jreuvennb@digg.com,Female,182.116.44.98
841,0,Construction Expeditor,bfoskettnc@over-blog.com,Female,203.203.32.191
842,0,Estimator,mhuggillnd@flickr.com,Female,131.86.226.222
843,0,Supervisor,deveringhamne@moonfruit.com,Male,237.189.86.240
844,1,Architect,aparkinsonnf@mapy.cz,Male,62.19.107.8
845,1,Construction Manager,saddsng@people.com.cn,Male,186.82.175.229
846,0,Supervisor,mdulwichnh@people.com.cn,Bigender,175.231.202.136
847,1,Construction Worker,aclinnickni@illinois.edu,Female,189.194.119.81
848,1,Project Manager,dmanuelenj@icq.com,Male,40.82.152.155
849,1,Architect,ahardingtonnk@live.com,Genderfluid,4.81.42.123
850,1,Electrician,pgreenwellnl@soup.io,Female,17.12.209.134
851,1,Estimator,civonsnm@webs.com,Male,7.181.182.156
852,1,Estimator,odruettnn@bluehost.com,Female,163.174.252.61
853,0,Subcontractor,bcailno@dedecms.com,Male,253.173.109.48
854,0,Electrician,cmakivernp@disqus.com,Male,119.149.157.16
855,0,Construction Worker,wfowellsnq@apache.org,Genderfluid,192.84.81.50
856,0,Construction Expeditor,jsnuggsnr@aol.com,Male,253.30.0.198
857,0,Project Manager,nscurlockns@wunderground.com,Male,172.183.34.69
858,0,Construction Expeditor,pmoyent@tinypic.com,Male,156.233.170.153
859,0,Supervisor,cbutlerbowdonnu@acquirethisname.com,Male,248.242.140.126
860,1,Engineer,aolesennv@dyndns.org,Non-binary,106.223.197.43
861,0,Electrician,tcrickmorenw@spiegel.de,Female,243.24.28.130
862,1,Electrician,dnottonnx@hhs.gov,Non-binary,6.159.178.28
863,1,Architect,ktraylingny@geocities.jp,Male,233.105.241.105
864,1,Subcontractor,bwoofnz@dailymail.co.uk,Non-binary,241.25.119.242
865,1,Supervisor,avillaltao0@t.co,Male,44.157.41.164
866,1,Architect,felleswortheo1@g.co,Female,232.244.237.45
867,1,Electrician,lvlasyuko2@narod.ru,Female,175.163.7.68
868,0,Construction Expeditor,aeittero3@g.co,Female,233.77.24.33
869,1,Surveyor,atullocho4@ow.ly,Female,4.131.134.101
870,1,Supervisor,fjouannyo5@yahoo.co.jp,Male,217.117.155.46
871,0,Surveyor,agroucocko6@bbc.co.uk,Male,124.21.70.56
872,1,Estimator,eolyeto7@meetup.com,Polygender,3.168.233.54
873,0,Construction Worker,mmiliuso8@nytimes.com,Female,180.36.207.222
874,0,Engineer,ncorderoo9@multiply.com,Male,253.181.96.141
875,0,Construction Foreman,mrodenhurstoa@live.com,Male,32.15.133.129
876,1,Architect,gclareyob@shop-pro.jp,Female,31.34.88.149
877,0,Construction Manager,jseelyoc@cpanel.net,Male,253.58.151.150
878,0,Electrician,pambrogiood@earthlink.net,Male,201.125.116.31
879,0,Construction Manager,lgoodlattoe@abc.net.au,Female,191.202.76.179
880,0,Project Manager,ldemongeotof@ask.com,Male,247.58.9.26
881,0,Construction Worker,cpirreyog@jiathis.com,Male,131.238.126.65
882,0,Construction Worker,lsackuroh@wordpress.org,Male,152.38.88.145
883,1,Electrician,dkitchensideoi@dion.ne.jp,Female,92.235.6.33
884,0,Electrician,mmacavddyoj@oaic.gov.au,Female,69.224.198.72
885,0,Estimator,gskechleyok@soup.io,Male,188.180.234.240
886,0,Electrician,dcummingsol@ocn.ne.jp,Female,221.255.109.124
887,0,Estimator,geuelsom@skype.com,Female,164.114.77.76
888,0,Estimator,mrhoadeson@tiny.cc,Female,78.59.108.26
889,0,Subcontractor,wcreeganoo@guardian.co.uk,Female,77.69.4.142
890,0,Estimator,sheyworthop@spiegel.de,Male,172.65.251.47
891,0,Engineer,cgeraldezoq@dailymail.co.uk,Male,220.5.198.168
892,0,Surveyor,tbarnewelleor@jimdo.com,Female,206.0.47.49
893,0,Construction Manager,tolliveos@pcworld.com,Male,43.246.209.58
894,0,Construction Manager,amcmeanmaot@stumbleupon.com,Male,27.19.210.91
895,0,Construction Expeditor,ctoderiou@prweb.com,Male,134.108.243.25
896,0,Construction Manager,mgilcristov@prlog.org,Male,178.173.219.165
897,1,Supervisor,jsandercockow@usda.gov,Female,100.84.92.180
898,1,Supervisor,jellisonox@vkontakte.ru,Female,92.62.64.68
899,0,Construction Manager,cstangeoy@sfgate.com,Female,223.149.74.5
900,1,Supervisor,apairpointoz@rakuten.co.jp,Male,42.164.143.189
901,0,Surveyor,lstillingp0@so-net.ne.jp,Male,76.227.82.91
902,0,Supervisor,msealyp1@cbc.ca,Female,161.99.71.50
903,0,Construction Foreman,dnavarop2@dagondesign.com,Male,216.48.40.46
904,1,Construction Expeditor,rleachmanp3@altervista.org,Female,34.156.60.115
905,1,Engineer,jbuddleighp4@cpanel.net,Genderqueer,100.233.122.99
906,0,Project Manager,jtunnockp5@webs.com,Male,79.7.174.252
907,1,Architect,nhambridgep6@google.com.au,Female,242.129.201.253
908,0,Estimator,fbockmannp7@statcounter.com,Female,192.220.25.203
909,1,Architect,eevap8@sun.com,Male,43.218.24.152
910,0,Construction Expeditor,zwartnabyp9@prnewswire.com,Male,17.231.132.152
911,0,Project Manager,cblydepa@wufoo.com,Male,181.237.14.205
912,1,Supervisor,sgrundpb@house.gov,Genderqueer,106.210.240.42
913,1,Surveyor,ftanzigpc@tripadvisor.com,Female,253.82.120.152
914,1,Supervisor,fhymaspd@intel.com,Female,20.55.241.44
915,1,Subcontractor,gblazewiczpe@phpbb.com,Female,149.243.168.173
916,1,Estimator,csunnexpf@theglobeandmail.com,Male,224.218.92.9
917,1,Supervisor,denrichpg@joomla.org,Male,108.65.214.173
918,1,Electrician,chunterph@umich.edu,Male,138.205.99.32
919,0,Estimator,fismaypi@icio.us,Female,30.157.153.200
920,0,Project Manager,hbultitudepj@1688.com,Female,61.114.106.129
921,0,Engineer,tberrillpk@bigcartel.com,Female,236.219.240.181
922,0,Engineer,tdavidsonpl@jigsy.com,Female,253.214.229.68
923,0,Construction Worker,ssimmondspm@chronoengine.com,Male,47.226.2.80
924,1,Subcontractor,tjendrichpn@ycombinator.com,Male,182.183.55.148
925,1,Project Manager,gsavilepo@php.net,Female,125.44.195.122
926,0,Project Manager,brekespp@google.com.br,Female,19.47.169.123
927,1,Subcontractor,gsimonianpq@icio.us,Male,85.93.182.77
928,0,Electrician,jscrivenerpr@biglobe.ne.jp,Female,160.12.106.232
929,1,Electrician,mmassenps@gravatar.com,Male,13.153.130.201
930,0,Engineer,cbeechpt@shutterfly.com,Female,167.131.224.76
931,0,Construction Manager,tbowdenpu@arizona.edu,Female,137.139.222.222
932,0,Subcontractor,ccrippinpv@mozilla.org,Female,169.143.48.228
933,1,Estimator,hzelakepw@lulu.com,Male,138.231.212.142
934,1,Supervisor,tscottingpx@github.com,Male,122.170.28.207
935,0,Estimator,ksimpy@nba.com,Female,39.70.40.74
936,1,Engineer,csokalepz@oakley.com,Female,51.1.156.243
937,0,Estimator,cpessoldq0@statcounter.com,Female,136.202.103.222
938,0,Supervisor,sgouldstoneq1@netlog.com,Male,123.121.80.129
939,1,Engineer,brodolpheq2@uol.com.br,Male,93.179.96.15
940,1,Electrician,zfreegardq3@multiply.com,Female,24.8.238.97
941,1,Engineer,acoalbranq4@webeden.co.uk,Female,156.4.245.117
942,0,Construction Expeditor,jcorradeschiq5@berkeley.edu,Male,107.89.114.50
943,1,Construction Expeditor,smuffordq6@ihg.com,Genderfluid,193.26.155.222
944,1,Construction Foreman,tbraddickq7@ed.gov,Male,168.207.118.135
945,0,Subcontractor,bmcmanamenq8@scribd.com,Female,110.40.255.72
946,1,Architect,jleindeckerq9@deliciousdays.com,Female,205.181.86.189
947,0,Construction Manager,mshortoqa@reddit.com,Female,85.144.166.194
948,1,Construction Worker,hvischiqb@github.io,Male,233.74.225.116
949,1,Construction Expeditor,gpretorqc@nhs.uk,Male,84.68.2.148
950,0,Construction Worker,apurcellqd@google.com.br,Male,160.76.30.135
951,0,Construction Worker,ebouldeqe@yolasite.com,Female,65.115.252.125
952,1,Electrician,jworkqf@istockphoto.com,Female,6.211.208.103
953,1,Engineer,grosenscheinqg@elegantthemes.com,Female,43.155.66.60
954,1,Construction Foreman,edenisoqh@java.com,Male,87.154.81.59
955,1,Construction Foreman,bdelongqi@ft.com,Female,189.112.140.245
956,1,Construction Foreman,sdussyqj@scribd.com,Female,35.104.178.193
957,1,Construction Worker,dashburnerqk@china.com.cn,Male,41.20.167.154
958,1,Subcontractor,agoatmanql@who.int,Female,190.218.43.177
959,0,Construction Worker,twalworcheqm@sogou.com,Male,151.171.214.189
960,1,Construction Foreman,fgudahyqn@youtu.be,Male,81.50.153.241
961,1,Electrician,stwelvesqo@blogtalkradio.com,Female,196.186.228.200
962,1,Construction Foreman,hyelyashevqp@163.com,Bigender,5.138.234.95
963,0,Construction Manager,ccottesfordqq@mtv.com,Genderfluid,107.0.109.176
964,0,Engineer,sdrewqr@un.org,Female,180.211.80.208
965,1,Estimator,jreucastleqs@army.mil,Male,175.252.205.107
966,0,Construction Expeditor,mkeaveqt@pbs.org,Male,84.167.175.245
967,1,Estimator,fentresqu@vimeo.com,Female,72.61.229.195
968,0,Construction Manager,imaddersqv@nsw.gov.au,Female,124.103.191.15
969,1,Engineer,mstrethillqw@mozilla.com,Male,122.203.57.43
970,1,Surveyor,vbeddardqx@about.me,Male,27.139.107.43
971,0,Subcontractor,sstoneleyqy@cbslocal.com,Male,230.60.122.236
972,0,Supervisor,vprandoniqz@bravesites.com,Female,203.218.58.28
973,1,Electrician,cdugaldr0@nytimes.com,Female,20.138.196.33
974,0,Supervisor,jhanneyr1@vistaprint.com,Female,23.175.188.199
975,0,Supervisor,mswansboroughr2@wunderground.com,Polygender,98.165.61.28
976,1,Electrician,pbrocksr3@amazon.com,Male,192.188.60.249
977,0,Supervisor,tughinir4@house.gov,Female,230.82.62.106
978,0,Subcontractor,btumbeltyr5@sourceforge.net,Female,213.183.66.136
979,1,Construction Expeditor,ayeabsleyr6@yahoo.com,Male,168.211.144.153
980,1,Surveyor,mruppertzr7@twitpic.com,Female,245.114.176.8
981,1,Estimator,ehammondr8@odnoklassniki.ru,Female,145.10.115.66
982,1,Engineer,arigardeaur9@nbcnews.com,Female,169.225.168.33
983,1,Subcontractor,mgreiserra@squidoo.com,Female,221.162.119.219
984,0,Electrician,apidwellrb@skyrock.com,Female,83.239.114.24
985,0,Engineer,lsheldrickrc@bing.com,Male,195.26.2.50
986,0,Construction Manager,bvasilievrd@dyndns.org,Male,18.190.146.193
987,1,Project Manager,kkeverenre@joomla.org,Male,244.111.144.32
988,1,Architect,gtotherrf@linkedin.com,Female,151.8.247.59
989,1,Construction Expeditor,gburghillrg@rakuten.co.jp,Female,238.184.8.40
990,1,Construction Worker,orowlettrh@patch.com,Female,90.247.178.9
991,0,Electrician,rstraneori@mac.com,Male,32.148.89.4
992,0,Construction Foreman,tpabstrj@businessweek.com,Male,135.145.52.190
993,1,Estimator,bmiltonwhiterk@mapquest.com,Female,3.190.149.97
994,1,Construction Worker,kentwislerl@hp.com,Male,158.200.204.174
995,0,Architect,vhalvosenrm@paypal.com,Male,182.236.193.185
996,0,Architect,qclemoesrn@youku.com,Male,0.125.253.63
997,0,Engineer,hgierhardro@youku.com,Female,85.123.210.24
998,0,Electrician,radacotrp@mac.com,Male,85.134.150.159
999,0,Electrician,gcrasterrq@google.com.hk,Male,155.216.145.108
1000,0,Project Manager,flardnarrr@canalblog.com,Female,172.169.65.195
